<?xml version="1.0"?>
<faces-config xmlns="http://java.sun.com/xml/ns/javaee"
	xmlns:xsi="http://www.w3.org/2001/XMLSchema-instance"
	xsi:schemaLocation="http://java.sun.com/xml/ns/javaee http://java.sun.com/xml/ns/javaee/web-facesconfig_2_0.xsd"
	version="2.0">

	<navigation-rule>
		<from-view-id>first.xhtml</from-view-id>
		<navigation-case>
			<from-outcome>go</from-outcome>
			<to-view-id>second.jsf</to-view-id>
		</navigation-case>
	</navigation-rule>

	<navigation-rule>
		<from-view-id>second.xhtml</from-view-id>
		<navigation-case>
			<from-action>#{secondPage.navigate}</from-action>
			<from-outcome>false</from-outcome>
			<to-view-id>third.jsf</to-view-id>
		</navigation-case>
		<navigation-case>
			<from-action>#{secondPage.navigate}</from-action>
			<from-outcome>true</from-outcome>
			<to-view-id>fourth.jsf</to-view-id>
		</navigation-case>
	</navigation-rule>

</faces-config>
